{"stats":{"minecraft:picked_up":{"minecraft:birch_sapling":1},"minecraft:custom":{"minecraft:jump":265,"minecraft:time_since_rest":10905,"minecraft:damage_dealt":35,"minecraft:damage_taken":10,"minecraft:leave_game":6,"minecraft:play_time":10905,"minecraft:sprint_one_cm":28073,"minecraft:time_since_death":10905,"minecraft:walk_on_water_one_cm":1780,"minecraft:walk_one_cm":9642,"minecraft:sneak_time":20,"minecraft:total_world_time":10905,"minecraft:walk_under_water_one_cm":1477,"minecraft:swim_one_cm":5843,"minecraft:fall_one_cm":6303,"minecraft:fly_one_cm":68051},"minecraft:mined":{"minecraft:birch_leaves":1}},"DataVersion":3465}